{"skeleton":{"hash":"SInqWiGuNCBY0iY6UU64SzuOo5w","spine":"3.2.01","width":648.36,"height":676.96,"images":"./image/"},"bones":[{"name":"root"},{"name":"IK_Lhand","parent":"root","x":144.22,"y":158.18,"color":"ff3f00ff"},{"name":"IK_Rhand","parent":"root","x":-13.64,"y":169.81,"color":"ff3f00ff"},{"name":"bone","parent":"root","x":45.23,"y":95.63},{"name":"shenti","parent":"bone","length":209.27,"rotation":106.65,"y":4.69},{"name":"chibangR1","parent":"shenti","length":76.33,"rotation":93.15,"x":166.51,"y":34.93},{"name":"bone2","parent":"chibangR1","length":148.46,"rotation":-85.15,"x":58.47,"y":-8.06},{"name":"bone3","parent":"bone2","length":95.22,"rotation":-26.5,"x":148.48,"y":0.57},{"name":"bone4","parent":"bone3","length":123,"rotation":74.86,"x":95.08,"y":1.15},{"name":"bone5","parent":"bone4","length":142.68,"rotation":50.1,"x":123,"y":0.09},{"name":"bone6","parent":"bone3","length":79.56,"rotation":127.12,"x":75.77,"y":20.28},{"name":"bone7","parent":"bone6","length":93.07,"rotation":35.04,"x":79.56,"y":-0.34},{"name":"bone8","parent":"bone3","length":62.03,"rotation":147.55,"x":54.96,"y":14.64},{"name":"bone9","parent":"bone8","length":60.68,"rotation":31.02,"x":62.03,"y":0.29},{"name":"bone10","parent":"bone9","length":82.09,"rotation":22.38,"x":60.68,"y":-0.28},{"name":"weiba1","parent":"bone","length":137.24,"rotation":-165.01,"x":-2.34,"y":1.16},{"name":"bone11","parent":"weiba1","length":47.48,"rotation":-24.37,"x":51.86,"y":-57.38},{"name":"bone12","parent":"weiba1","length":32.41,"rotation":-52.31,"x":100.31,"y":-46.38},{"name":"bone13","parent":"weiba1","length":26.78,"rotation":-62.99,"x":128.5,"y":-45.26},{"name":"weiba2","parent":"weiba1","length":66.37,"rotation":-27.7,"x":141.22,"y":-0.91},{"name":"bone14","parent":"weiba2","length":21.16,"rotation":-52.56,"x":37.58,"y":-33.74},{"name":"bone26","parent":"weiba2","length":62.39,"rotation":-22.66,"x":67.21},{"name":"bone15","parent":"bone26","length":14.13,"rotation":-64.01,"x":19.07,"y":-26.6},{"name":"bone16","parent":"bone26","length":17.04,"rotation":-111.95,"x":42.55,"y":-24.63},{"name":"weiba3","parent":"bone26","length":56.85,"rotation":-81.13,"x":63.75,"y":-1.25},{"name":"bone17","parent":"weiba3","length":12.36,"rotation":-60.23,"x":32.65,"y":-18.49},{"name":"bone18","parent":"weiba3","length":14.54,"rotation":-48.63,"x":48.15,"y":-18.65},{"name":"weiba4","parent":"weiba3","length":52.76,"rotation":65.44,"x":50.54,"y":-0.9},{"name":"bone19","parent":"weiba4","length":11.04,"rotation":-97.79,"x":-5.44,"y":-20.7},{"name":"bone20","parent":"weiba4","length":9.59,"rotation":-88.32,"x":14.2,"y":-26.57},{"name":"bone21","parent":"weiba4","length":10.62,"rotation":-1.16,"x":40.58,"y":-18.03},{"name":"weiba5","parent":"weiba4","length":50.66,"rotation":65.02,"x":54.11,"y":2.34},{"name":"bone22","parent":"weiba5","length":36.48,"rotation":46.24,"x":41.93,"y":15.26},{"name":"bone23","parent":"weiba5","length":24.3,"rotation":31.92,"x":71.69,"y":8.06},{"name":"bone24","parent":"bone23","length":34.97,"rotation":33.88,"x":25.26,"y":0.07},{"name":"bone25","parent":"weiba5","length":35.92,"rotation":-7.73,"x":78.32,"y":-6.5},{"name":"bozixia","parent":"shenti","length":96.53,"rotation":-54.16,"x":203.63,"y":2.93},{"name":"bozishang","parent":"bozixia","length":62.92,"rotation":-35.23,"x":86.13,"y":3.76},{"name":"chibangL1","parent":"shenti","length":60.7,"rotation":54.67,"x":116.89,"y":-56.72},{"name":"chibangL3","parent":"chibangL1","length":270.66,"rotation":-43.37,"x":56.91,"y":0.22},{"name":"chujiao","parent":"bozishang","length":86.22,"rotation":130.37,"x":25.11,"y":-26.29},{"name":"dabiL","parent":"shenti","length":41.18,"rotation":-165.85,"x":103.87,"y":-47.07},{"name":"xiaobiL","parent":"dabiL","length":62.83,"rotation":46.38,"x":46.85,"y":-1.88},{"name":"jianbang","parent":"shenti","length":25.92,"rotation":112.65,"x":140.03,"y":-0.14},{"name":"dabiR","parent":"jianbang","length":74.82,"rotation":-15.05,"x":24.35,"y":7.44},{"name":"xiaobiR","parent":"dabiR","length":62.25,"rotation":140.33,"x":70.15,"y":-1.98},{"name":"datuiL","parent":"bone","length":65.8,"rotation":-41.71,"x":3.53,"y":-3.53},{"name":"datuiR","parent":"bone","length":76.81,"rotation":-104.57,"x":-40.02,"y":16.48},{"name":"er","parent":"bozishang","length":110.18,"rotation":109.1,"x":46.71,"y":-8.35},{"name":"jiaoL","parent":"root","length":45.47,"rotation":-73.82,"x":42.81,"y":49.74},{"name":"jiaoR","parent":"root","length":63.84,"rotation":-101.43,"x":-53.15,"y":75.74},{"name":"shouL","parent":"xiaobiL","length":44.79,"rotation":15.4,"x":61.41,"y":0.67},{"name":"shouR","parent":"xiaobiR","length":83.18,"rotation":-35,"x":61.96,"y":0.1},{"name":"tou","parent":"bozishang","length":84.76,"rotation":-17.89,"x":55.05,"y":2.61},{"name":"tou1","parent":"tou","length":64.76,"rotation":162.1,"x":14.79,"y":36.22},{"name":"toujiaoL","parent":"tou","length":129.94,"rotation":124.1,"x":70.29,"y":32.52},{"name":"toujiaoR","parent":"tou","length":205.58,"rotation":131.51,"x":41.95,"y":40.46},{"name":"xiaotuiL","parent":"datuiL","length":53.81,"rotation":-141.04,"x":65.75,"y":-1.86},{"name":"xiaotuiR","parent":"datuiR","length":52.5,"rotation":-119.99,"x":75.98,"y":-1.61},{"name":"zui","parent":"bozishang","length":160.13,"rotation":-66.19,"x":57.56,"y":-28.97}],"ik":[{"name":"IK_L","bones":["dabiL","xiaobiL"],"target":"IK_Lhand","mix":0},{"name":"IK_R","bones":["dabiR","xiaobiR"],"target":"IK_Rhand","mix":0}],"slots":[{"name":"tail","bone":"weiba1","attachment":"tail"},{"name":"chibangL2","bone":"chibangL3","attachment":"chibangL2"},{"name":"chibangL1","bone":"chibangL1","attachment":"chibangL1"},{"name":"dabiL","bone":"dabiL","attachment":"dabiL"},{"name":"xiaobiL","bone":"xiaobiL","attachment":"xiaobiL"},{"name":"shouL","bone":"shouL","attachment":"shouL"},{"name":"jiaoL","bone":"jiaoL","attachment":"jiaoL"},{"name":"xiaotuiL","bone":"xiaotuiL","attachment":"xiaotuiL"},{"name":"datuiL","bone":"datuiL","attachment":"datuiL"},{"name":"shenti","bone":"shenti","attachment":"shenti"},{"name":"bozixia","bone":"bozixia","attachment":"bozixia"},{"name":"bozishang","bone":"bozishang","attachment":"bozishang"},{"name":"toujiaoL","bone":"toujiaoL","attachment":"toujiaoL"},{"name":"tou1","bone":"tou1","attachment":"tou1"},{"name":"chujiao","bone":"chujiao","attachment":"chujiao"},{"name":"er","bone":"er","attachment":"er"},{"name":"zui","bone":"zui","attachment":"zui"},{"name":"toujiaoR","bone":"toujiaoR","attachment":"toujiaoR"},{"name":"tou","bone":"tou","attachment":"tou"},{"name":"jiaoR","bone":"jiaoR","attachment":"jiaoR"},{"name":"xiaotuiR","bone":"xiaotuiR","attachment":"xiaotuiR"},{"name":"datuiR","bone":"datuiR","attachment":"datuiR"},{"name":"chibangR2","bone":"bone2","attachment":"chibangR2"},{"name":"chibangR1","bone":"chibangR1","attachment":"chibangR1"},{"name":"jianbang","bone":"jianbang","attachment":"jianbang"},{"name":"dabiR","bone":"dabiR","attachment":"dabiR"},{"name":"xiaobiR","bone":"xiaobiR","attachment":"xiaobiR"},{"name":"shouR","bone":"shouR","attachment":"shouR"},{"name":"author","bone":"root","attachment":"author"}],"skins":{"default":{"author":{"author":{"x":3.27,"y":-61.59,"width":372,"height":56}},"bozishang":{"bozishang":{"type":"mesh","uvs":[0.48093,0.53756,0.40112,0.5215,0.32131,0.48936,0.23024,0.42642,0.15861,0.3983,0.05731,0.37553,0,0.37955,0,0.35678,0.05628,0.32464,0.14838,0.30723,0.26298,0.30188,0.36326,0.31527,0.26503,0.26304,0.17396,0.22287,0.10244,0.2058,0.12893,0.17466,0.24047,0.15457,0.33768,0.1452,0.27117,0.0903,0.19545,0.03807,0.17498,0.022,0.18624,0.00325,0.308,0.00861,0.40112,0.0461,0.52084,0.14118,0.47966,0.09482,0.42635,0.04892,0.35347,0.0021,0.43965,0,0.50889,0.01844,0.57927,0.0456,0.64568,0.10503,0.59247,0.02334,0.61128,0.01626,0.75836,0.11461,0.85,0.19883,0.92963,0.31161,1,0.47063,1,0.81729,0.84241,1,0.79396,1,0.80641,0.80932,0.58408,0.6915,0.43385,0.59966,0.53881,0.40723,0.45097,0.17942,0.61547,0.28392,0.45539,0.36353,0.53383,0.23206,0.56338,0.20534,0.70018,0.17506],"triangles":[19,21,22,20,21,19,28,26,27,18,19,22,29,26,28,25,29,30,25,26,29,34,31,33,33,31,32,24,25,30,24,30,31,23,18,22,45,17,23,17,18,23,50,31,34,24,45,23,49,24,31,49,31,50,13,15,16,14,15,13,48,24,49,45,24,48,12,16,17,13,16,12,46,49,50,48,49,46,11,17,45,12,17,11,47,45,48,44,47,48,11,45,47,5,8,9,7,8,5,6,7,5,4,9,10,5,9,4,46,44,48,3,4,10,11,3,10,2,11,47,2,3,11,1,2,47,0,1,47,44,0,47,37,42,44,0,44,42,43,0,42,50,34,35,46,50,35,46,35,36,37,44,36,36,44,46,41,42,37,41,37,38,39,41,38,40,41,39],"vertices":[-32.75999,58.56,-54.61,69.21,-75.36,83.39,-97.25,105.33,-115.93,117.9,-143.5,131.94,-160.25,136.17,-158.69,141.17,-140.32,143.21,-112.66,138.82,-79.35,129.77,-51.43,117.89,-76.11,138.12,-99.56,155.07,-116.33,165.43,-109.21,169.67,-75.78,164.14,-47.2,157.53,-62.58,175.52,-80.78,193.75,-85.57,199.1,-81.06,202.22,-46.42,190.18,-22.2,173.64,5.72,142.07,-2.56,154.61,-13.58,171.28,-29.06,184.79,-6.71,179.93,10.25,169.43,28.18,158.32,44.08,138.88,34.34999,161.57,40.24,161.45,74.86,125.72,94.14,96.86,105.48,71.37999,121.02,26.96,98.03,-47.12,84.94,-89.31,25.71,-70.94,6.35,-40.46,-24.82,8.64,-50.52,49.12,-7.23,82.01999,-16.95999,139.9,23.2,102.28,-28.24,99.07,3.26,120.95,13.58,124.18,54.97,118.63],"hull":44,"edges":[0,2,2,4,4,6,6,8,8,10,10,12,12,14,14,16,16,18,18,20,20,22,22,24,24,26,26,28,28,30,30,32,32,34,34,36,36,38,38,40,40,42,42,44,44,46,46,48,52,54,54,56,60,62,62,64,64,66,66,68,68,70,70,72,72,74,78,80,0,86,88,0,34,90,88,92,22,94,94,88,2,94,90,96,96,92,94,96,48,98,98,92,96,98,62,100,22,4,20,6,18,8,16,10,32,26,34,24,90,22,44,36,46,34,56,52,60,48,62,98,100,92,68,100,84,86,80,82,82,84,74,76,76,78,48,50,50,52,56,58,58,60,50,58],"width":301,"height":230}},"bozixia":{"bozixia":{"type":"mesh","uvs":[0.43834,0.72029,0.38736,0.79202,0.31233,0.84027,0.26327,0.90026,0.22575,0.99938,0.20747,0.99677,0.2017,0.93939,0.21228,0.82593,0.23922,0.73334,0.27,0.67335,0.30271,0.63422,0.23825,0.68508,0.18727,0.75159,0.14302,0.86114,0.1257,0.85592,0.14206,0.70986,0.18631,0.57815,0.23248,0.51164,0.17476,0.54685,0.10839,0.63813,0.07087,0.74507,0.05644,0.72029,0.07472,0.54815,0.1132,0.45165,0.14783,0.39035,0.18535,0.35514,0.11608,0.40209,0.06895,0.44512,0.0093,0.54293,0,0.54163,0.00546,0.41904,0.05163,0.3121,0.09973,0.23647,0.16514,0.18561,0.20939,0.16474,0.13821,0.17517,0.07087,0.20647,6.5E-4,0.25342,6.5E-4,0.21299,0.04297,0.13866,0.10165,0.08649,0.16611,0.04346,0.24884,0.01607,0.31329,0,0.523,0,0.64806,0.03824,0.76926,0.10475,0.82217,0.15561,1,0.26907,1,0.85462,0.43738,0.77507],"triangles":[34,41,42,40,41,34,35,40,34,39,40,35,36,39,35,38,39,36,37,38,36,25,33,34,32,33,25,31,32,25,25,26,31,30,31,26,27,30,26,43,17,34,25,34,17,24,25,17,23,24,17,28,29,30,27,28,30,18,23,17,22,23,18,42,43,34,44,10,17,16,17,10,19,22,18,10,11,16,11,15,16,22,19,21,20,21,19,43,44,17,45,10,44,46,10,45,47,10,46,0,10,47,12,15,11,0,9,10,0,1,9,1,8,9,0,47,48,2,7,8,1,2,8,0,48,49,50,0,49,15,12,14,13,14,12,3,7,2,6,7,3,4,5,6,3,4,6],"vertices":[-37.2,33.3,-56.4,35.46,-75.83999,45.41,-92.93,48.56,-114.19,44.68,-116.72,48.8,-108.81,56.78,-89.66,67.98,-71.1,73.3,-56.94,73.97,-45.68,71.76,-63.83,79.19999,-82.23,81.98,-106.17,78.26999,-108.14,82.49,-83.05,96.34,-55.69,102.67,-38.06,100.9,-52.73,108.78,-77.4,111.84,-99.87,107.03,-98.37,112.97,-68.94999,129.49,-47.94,132.87,-32.96,132.89,-21.53,129.22,-39.84999,138.12,-54.02,142.87,-78.62999,143.75,-79.92,145.85,-60.18,159.19,-36.33,162.2,-16.98,161.1,1.30999,153.46,11.61,146.7,-1.39,160.32,-16.99,170.66,-35.46,179.77,-29.24,184.54,-11.03,184.5,6.39,178.42,23.34,170.06,40.8,156.04,53.6,144.49,87.19,100.74,101.33,70.14,110.51,37,111.16,19.95,122.18,-30.54,32.08,-99.72,-45.78,27.03],"hull":51,"edges":[0,2,2,4,4,6,6,8,8,10,10,12,12,14,14,16,16,18,18,20,20,22,22,24,24,26,26,28,28,30,30,32,32,34,34,36,36,38,38,40,40,42,42,44,44,46,46,48,48,50,50,52,52,54,54,56,56,58,58,60,60,62,62,64,64,66,66,68,68,70,70,72,72,74,74,76,76,78,78,80,80,82,82,84,84,86,86,88,88,90,90,92,92,94,94,96,96,98,98,100,0,100],"width":263,"height":194}},"chibangL1":{"chibangL1":{"x":31.02,"y":1.53,"rotation":-161.33,"width":95,"height":62}},"chibangL2":{"chibangL2":{"x":130.75,"y":-1.03,"rotation":-117.95,"width":270,"height":273}},"chibangR1":{"chibangR1":{"x":36.43,"y":-7.51,"rotation":160.17,"width":109,"height":73}},"chibangR2":{"chibangR2":{"type":"weightedmesh","uvs":[0,0.40391,0,0.30686,0.08034,0.13778,0.19389,0.08185,0.29847,0.03034,0.43156,0.01273,0.53323,0.08318,0.61885,0.10006,0.69406,0.11488,0.74951,0.09198,0.74397,0.04267,0.72918,0,0.80682,0,0.89185,0.06556,0.91958,0.18357,0.89555,0.24874,0.83187,0.32677,0.7935,0.37379,0.78348,0.49741,0.80703,0.60679,0.83548,0.68339,0.87978,0.71579,0.94623,0.71645,1,0.76561,1,0.85227,0.91325,0.90881,0.84786,0.89993,0.79599,0.92257,0.74027,0.84934,0.62566,0.86343,0.63675,0.94445,0.66448,1,0.60717,1,0.53878,0.93564,0.53844,0.87724,0.53809,0.81754,0.45312,0.68447,0.38621,0.63988,0.36388,0.66957,0.33729,0.70491,0.30217,0.79122,0.2652,0.77889,0.24856,0.69082,0.26704,0.58867,0.33938,0.56399,0.34243,0.44449,0.28362,0.36141,0.19261,0.32872,0.10278,0.32911,0.0489,0.4074,0.03043,0.4918,0,0.49708,0.36241,0.52773,0.433,0.39962,0.47496,0.35601,0.66949,0.25607,0.61799,0.22518,0.54838,0.21519,0.48926,0.15977,0.42633,0.11888,0.34909,0.11525,0.23848,0.16885,0.1641,0.22246,0.41554,0.55583,0.47253,0.42184,0.50378,0.38506,0.59017,0.33427,0.68301,0.30449,0.70415,0.30975,0.68301,0.32814,0.63797,0.34741,0.59845,0.41221,0.55341,0.45162,0.51297,0.63553,0.59891,0.7905,0.57481,0.6385,0.61728,0.47885,0.63334,0.43073,0.66892,0.38262,0.7045,0.36293,0.66663,0.50618,0.72172,0.67896,0.72172,0.7227,0.75615,0.74676,0.7814,0.78175,0.77566,0.81893,0.5719,0.30621,0.70483,0.626,0.40205,0.21656,0.31258,0.32028,0.4397,0.28856,0.37562,0.36182,0.22996,0.26585,0.37465,0.16413,0.29613,0.21933,0.352,0.27459,0.40862,0.32409,0.55931,0.40099,0.51935,0.43908,0.47455,0.6041],"triangles":[32,30,31,32,33,30,33,29,30,33,34,29,34,35,29,35,74,29,29,74,28,74,35,73,74,73,75,36,73,35,81,74,75,36,99,73,72,73,99,73,72,75,76,75,72,99,98,72,72,71,76,72,98,97,80,78,79,80,77,78,76,71,77,72,97,71,77,71,78,71,70,78,71,97,70,78,69,79,78,70,69,69,68,79,17,79,68,69,70,67,69,67,68,98,65,97,65,64,54,97,66,70,97,65,66,65,86,66,65,54,86,96,90,54,54,90,86,67,70,66,67,66,55,90,57,86,66,86,55,86,56,55,55,68,67,40,41,39,41,42,39,39,42,38,42,43,38,36,37,99,43,44,38,38,44,37,37,44,63,37,63,99,63,44,52,99,63,98,98,63,64,44,45,52,63,52,64,52,53,64,52,45,53,45,46,91,45,91,53,91,46,89,64,65,98,91,96,53,64,53,54,53,96,54,96,91,95,91,89,95,96,95,90,95,88,90,51,0,50,50,0,49,48,49,1,49,0,1,89,46,92,47,48,62,48,1,62,46,47,92,47,62,92,92,94,89,89,94,95,1,2,62,95,94,88,92,61,94,92,62,61,62,3,61,62,2,3,94,93,88,94,60,93,94,61,60,88,59,58,88,93,59,61,4,60,61,3,4,93,60,59,59,5,6,59,60,5,60,4,5,86,57,56,90,58,57,90,88,58,55,56,8,56,7,8,56,57,7,58,6,57,57,6,7,58,59,6,75,76,80,87,80,18,18,80,79,76,77,80,18,79,17,16,17,68,9,15,16,55,16,68,9,16,55,55,8,9,15,9,14,14,9,13,9,12,13,9,10,12,10,11,12,28,85,27,27,85,26,24,25,21,23,24,21,21,25,26,85,84,26,26,84,21,21,22,23,74,82,28,28,83,85,28,82,83,85,83,84,82,74,81,84,20,21,84,83,20,20,83,81,81,75,87,83,82,81,81,19,20,81,87,19,75,80,87,87,18,19],"vertices":[1,9,174.14,48.06,1,1,9,160.71,18.02,1,1,9,113.63,-23.71,1,1,9,72.41,-26.05,1,1,9,34.45,-28.21,1,1,9,-7.22,-16.12,1,2,6,300.89,21.22,0.00799,8,90.75,-8.74,0.992,3,6,287.95,-3.86,0.00374,7,126.81,58.24,0.00425,8,63.39,-15.73,0.992,3,6,276.58,-25.9,0,7,126.47,33.43999,0.00799,8,39.36,-21.87,0.992,1,7,137.48,17.32,1,1,7,153.56,22.24,1,1,7,166.86,29.67,1,1,7,171.6,5.04,1,1,7,154.97,-26.12,1,1,7,117.38,-42.48,1,1,7,94.22,-39.03,1,1,7,65.35,-29.03,1,1,7,47.96,-23.01,1,1,7,1.78,-29.47,1,1,6,106.6,-27.34,1,1,6,83.89,-27.9,1,1,6,70.94,-39.78,1,1,6,60.57,-49.29,1,1,6,48.2,-64.74,1,1,6,-0.09,-51.26,1,1,6,-7.16,-21.08,1,1,6,-5.88,10.16,1,1,6,7.11,30.08,1,1,6,32.8,26.63,1,1,14,79.25,14.9,1,1,14,106.92,13.63,1,1,14,127.03,19.15,1,1,14,123.79,0.93,1,1,14,98.44,-17,1,1,14,75.37,-13.01,1,1,14,51.79,-8.93999,1,2,11,105.6,44.06,0.51049,14,17.04,-33.18,0.4895,1,11,98.14,18.54999,1,1,11,108.85,16.02,1,1,11,121.6,13.02,1,1,11,152.71,17.14,1,1,11,154.78,4.66,1,1,11,131.19,-14.39,1,1,11,97.96,-25.81,1,1,11,75.82,-12.75,1,1,11,58.86,-32.11,1,2,9,102.06,79.32,0.51199,11,45.98,-63.09,0.488,1,9,124.63,54.31,1,1,9,142.15,45.94,1,1,9,163.15,60.75,1,1,9,177.32,79.26999,1,1,9,187.02,76.89,1,1,11,64.87999,-8.45,1,1,11,16,-9.62,1,1,10,79.5,-6.31,1,1,10,8.16,-8.93999,1,2,8,45.03,22.5,0.992,10,18.45,-25.68,0.00799,4,8,66.72,29.32,0.992,9,-13.67,61.93,3.9E-4,11,-56.73,-7.01,4.2E-4,10,37.13,-38.66,0.00718,4,8,92.12,20.81,0.992,9,-3.9,36.98,5.1E-4,11,-64.03,-32.79,4.7E-4,10,45.95,-63.95,0.007,1,9,8.99,16.03,1,1,9,31.27,4.73,1,1,9,71.3,6.74,1,1,9,100.65,13.53,1,1,11,65.14,10.88,1,1,11,16.45999,5.17999,1,1,10,75.5,6.62,1,1,10,42.85,3.51,1,1,10,11.5,7.7,1,1,12,-4.44999,-6.52,1,1,12,4.76,-7.2,1,1,12,19.49,-13.3,1,1,12,44.23,-7.51,1,1,13,-3.12,-8.88,1,1,14,-3.17,-7.41,1,1,14,53.4,10.72,1,1,14,1.29999,12.07,1,1,13,1.49,13.24,1,1,12,41.06,4.98999,1,1,12,21.31,2.15,1,1,12,8.57,5.93,1,1,7,-5.45,17.06,1,1,6,90.03,16.87999,1,1,6,75.75,20.86,1,1,6,64.91,12.35,1,1,6,51.29,7.68,1,1,6,39.65,12.85,1,1,10,43.95,-7.62,1,1,6,108.78,17.31,1,2,9,29.66,43.06,0.51199,11,-33.59999,-48.23,0.488,2,9,70.39,63.38,0.51199,11,11.12,-56.66,0.488,2,11,-18.04999,-25.83,0.48,10,79.61,-31.86,0.51999,1,11,13.67,-32.04,1,1,9,87.23,35.64,1,1,9,30.49,23.23,1,1,9,61.28,29.96,1,2,9,52.45,54.43,0.51199,11,-8.58,-52.94,0.488,1,11,-2.66,-28.84,1,2,10,61.79,19.39,0.50399,12,50.14,-19.31,0.496,2,11,14.31,21.25,0.54103,13,-4.92,-20.53,0.45896,2,11,70.32,35.46,0.53831,14,-15.83,-17.76,0.46168],"hull":52,"edges":[2,4,8,10,10,12,16,18,18,20,20,22,22,24,24,26,26,28,28,30,34,36,44,46,46,48,48,50,50,52,52,54,54,56,58,60,60,62,62,64,64,66,78,80,80,82,82,84,84,86,86,88,96,98,98,100,100,102,88,104,104,106,106,108,110,112,112,114,114,116,116,118,118,120,120,122,122,124,74,126,126,128,128,130,130,132,132,134,134,136,136,138,138,140,140,142,142,144,144,146,146,70,58,148,148,150,150,152,152,154,154,156,156,158,158,160,162,164,164,166,166,168,168,170,170,56,106,128,108,130,144,152,142,154,140,156,138,158,146,150,70,148,108,172,172,110,132,172,152,160,160,174,174,162,150,174,36,38,38,40,174,38,40,42,42,44,56,58,124,96,2,0,0,102,98,0,96,2,124,4,4,6,6,8,122,6,120,8,118,10,116,12,12,14,14,16,114,14,112,16,20,24,18,26,104,126,88,74,84,78,74,76,76,78,86,76,160,36,158,34,110,134,162,40,66,60,66,68,68,70,58,68,132,140,166,40,168,42,30,32,32,34,136,32,18,110,18,32,116,176,178,92,108,180,180,176,114,180,106,182,182,178,88,90,90,92,182,90,92,94,94,96,124,184,184,178,94,184,120,186,186,176,186,118,184,188,188,186,122,188,176,190,190,178,188,190,180,192,192,182,190,192,192,106,104,90,130,194,194,142,140,194,128,196,196,144,194,196,126,198,198,146,196,198,70,72,72,74,198,72],"width":323,"height":339}},"chujiao":{"chujiao":{"x":47,"y":-3.97,"rotation":-147.63,"width":106,"height":112}},"dabiL":{"dabiL":{"x":20.03,"y":-0.15,"rotation":59.19,"width":62,"height":68}},"dabiR":{"dabiR":{"x":22.26,"y":-1.51,"rotation":155.67,"width":87,"height":55}},"datuiL":{"datuiL":{"x":39.21,"y":-0.64,"rotation":42.65,"width":85,"height":68}},"datuiR":{"datuiR":{"x":40.73,"y":-3.12,"rotation":104.98,"width":86,"height":113}},"er":{"er":{"x":44.31,"y":-0.49,"rotation":-126.36,"width":118,"height":122}},"jianbang":{"jianbang":{"x":12.5,"y":-0.58,"rotation":140.69,"width":119,"height":100}},"jiaoL":{"jiaoL":{"x":34.66,"y":23.29,"rotation":70.67,"width":97,"height":69}},"jiaoR":{"jiaoR":{"x":49.85,"y":-10.76,"rotation":95.27,"width":91,"height":105}},"shenti":{"shenti":{"x":104.83,"y":-6.26,"rotation":-106.65,"width":239,"height":267}},"shouL":{"shouL":{"x":19.15,"y":-2,"rotation":-2.59,"width":75,"height":76}},"shouR":{"shouR":{"x":54.61,"y":0.78,"rotation":50.26,"width":94,"height":103}},"tail":{"tail":{"type":"weightedmesh","uvs":[0.43539,0.33299,0.43522,0.3471,0.4213,0.39349,0.39882,0.41862,0.41694,0.43746,0.38942,0.4728,0.4166,0.45945,0.41703,0.47413,0.4005,0.52621,0.40251,0.54034,0.42969,0.49008,0.45689,0.57742,0.47432,0.57647,0.47947,0.50202,0.48459,0.49678,0.54054,0.54915,0.52338,0.47222,0.52858,0.46292,0.56841,0.5017,0.59526,0.52553,0.56554,0.43593,0.57797,0.41652,0.6303,0.46773,0.68056,0.46622,0.61975,0.3858,0.62545,0.36614,0.72072,0.33266,0.83533,0.17391,0.88595,0.20616,0.95813,0.25213,0.99027,0.49033,0.97526,0.71846,0.89142,0.89232,0.78614,0.96143,0.63256,0.98798,0.53772,0.97332,0.41793,0.91358,0.33172,0.77172,0.30164,0.72222,0.25737,0.58129,0.28533,0.42438,0.30898,0.34513,0.31877,0.31231,0.31899,0.28185,0.31919,0.25456,0.30332,0.20368,0.27631,0.18235,0.24022,0.26417,0.20599,0.31054,0.18139,0.36444,0.15605,0.42458,0.15408,0.35797,0.1572,0.29262,0.12609,0.34472,0.09616,0.4578,0.07752,0.5715,0.06497,0.56479,0.06636,0.44341,0.06488,0.30863,0.07912,0.23668,0.04888,0.21829,0.00791,0.19157,0.05127,0.16139,0.10835,0.09246,0.09703,0.05932,0.10924,0.05193,0.15055,0.06843,0.20215,0.03444,0.27482,0.03871,0.30202,0.05475,0.32498,0.08432,0.31017,0.03019,0.31644,0.02207,0.34738,0.07369,0.38485,0.13341,0.41115,0.13059,0.41056,0.16676,0.41023,0.21993,0.43351,0.24353,0.41838,0.30444,0.53966,0.68156,0.60656,0.66559,0.70628,0.58685,0.77236,0.41092,0.44944,0.64165,0.38786,0.58822,0.37811,0.57059,0.35845,0.52574,0.39259,0.30939,0.38471,0.19457,0.33571,0.10632,0.12584,0.19016,0.173,0.159,0.19242,0.19536,0.59887,0.57023,0.68725,0.49763,0.73088,0.34806,0.54028,0.58806,0.45324,0.6089,0.39449,0.56657,0.38757,0.55183,0.37112,0.5174,0.3721,0.48119,0.38482,0.40768,0.40232,0.30752,0.3929,0.49539,0.39343,0.24347,0.39978,0.23942,0.39544,0.18303,0.38089,0.16245,0.37796,0.4021,0.36319,0.4812,0.40946,0.35652,0.39355,0.35769,0.38542,0.35479],"triangles":[73,70,71,71,72,73,82,95,83,95,19,23,83,95,96,26,96,23,95,23,96,25,26,24,23,24,26,83,28,29,83,96,28,28,26,27,28,96,26,15,19,94,95,94,19,19,22,23,22,19,20,20,21,22,97,94,81,97,15,94,97,12,15,15,18,19,15,16,18,16,17,18,15,13,14,15,12,13,98,12,97,98,11,12,11,98,99,11,99,9,10,11,9,100,8,9,100,101,8,101,105,8,101,102,105,101,111,102,102,5,105,8,105,7,105,5,7,102,103,5,5,6,7,5,103,3,4,5,3,103,112,3,112,2,3,103,110,113,112,103,113,2,112,1,104,112,113,113,114,88,113,88,104,1,112,0,79,0,112,79,112,104,107,78,79,104,107,79,107,104,106,107,77,78,106,89,107,77,107,108,107,89,108,77,108,76,108,109,76,109,74,76,76,74,75,63,91,59,59,60,62,60,61,62,63,59,62,63,65,66,63,64,65,55,56,54,56,57,54,57,53,54,57,58,53,53,58,52,58,59,52,59,91,52,50,51,49,49,51,48,51,52,48,48,52,47,52,93,47,52,91,93,47,93,46,91,92,93,68,46,67,67,46,93,93,92,67,92,91,63,46,68,69,63,66,92,92,66,67,42,43,88,43,44,106,44,89,106,44,45,89,89,45,90,89,90,109,89,109,108,90,45,46,46,70,90,46,69,70,109,90,74,74,90,73,90,70,73,110,114,113,103,102,111,103,111,110,87,40,111,39,40,87,40,41,110,41,42,114,104,88,106,106,88,43,110,111,40,110,41,114,87,111,101,114,42,88,87,101,100,86,87,100,86,100,99,99,98,85,84,37,85,37,38,85,86,38,39,86,85,38,85,86,99,99,100,9,39,87,86,84,36,37,97,84,98,84,80,36,34,35,80,35,36,80,80,84,97,84,85,98,80,97,81,81,94,82,33,34,81,80,81,34,32,33,82,33,81,82,32,82,31,30,31,83,83,31,82,83,29,30,94,95,82],"vertices":[1,26,18.9,2.07,1,1,26,18.12999,-0.5,1,2,26,9.82,-7.46,0.86422,25,18.95999,8.04,0.13576,2,26,-1.12,-9.5,0.19289,25,8.64,3.84,0.8071,1,25,16.52,-0.22,1,2,25,3.84,-6.24,0.18894,23,8.18,4.44,0.81105,1,23,19.78,0,1,3,25,16.15,-7.22,0.01096,23,18.42,-2.45,0.98779,22,19.03,6.64,0.00124,3,21,33.68,-28.41,0.0211,23,6.82,-6.81,0.73113,22,8.02,12.33,0.24775,3,21,31.39,-26.72,0.05835,23,6.11,-9.57,0.50368,22,5.5,11.01,0.43796,1,22,16.94,0.56,1,3,19,60.62,-35.15,0.02092,22,2.43,-14.12,0.78367,20,15.12,17.44,0.19539,3,19,53.05,-37.03,0.03313,22,3.86,-21.79,0.30362,20,12.01,10.29,0.66323,4,15,165.08,-71.47,0,21,7.51,-52.57,0,20,23.96,2.23,0.98965,18,39.97,20.68,0.01034,3,15,162.61,-71.83999,0,21,6.22,-54.71,0,20,23.91,-0.26,0.99999,2,20,4.32,-18.76,0.21424,18,14.99,6.45,0.78575,4,15,144.65,-71.87,1.0E-5,19,36,-61.25,1.6E-4,18,31.04,2.29,0.99845,17,47.28,19.49,0.00136,3,15,141.94,-72.98,0,19,34.12,-63.49,2.0E-5,18,30.8,-0.61,0.99996,2,18,13.36,-8.87,0.93322,17,27.84,11.79,0.06677,3,15,116.27,-53.69,1.6E-4,18,1.94,-14.72,0.28786,17,15.53,8.16,0.71197,2,15,124.65,-73.66,1.0E-4,17,36.47,2.57,0.99989,2,15,118.32,-75.8,1.0E-5,17,34.29,-3.74,0.99998,2,17,9.74,-10.1,0.98468,16,43.48,16.5,0.01531,3,15,76.51,-54.72,0.03447,17,-7.96,-23.93,0.29275,16,21.35,12.59,0.67277,3,15,98.76,-76.61,1.0E-5,17,22.97,-19.70999,1.3E-4,16,50.67,1.82,0.99985,1,16,48.76,-2.29,1,1,16,7.76,-15.48,1,2,15,-4.8,-90.65,0.25929,16,-37.9,-53.69,0.7407,2,15,-25.05,-78.82,0.38649,16,-61.23,-51.27,0.6135,2,15,-53.92,-61.96,0.56992,16,-94.49,-47.81,0.43007,2,15,-55.97,-14.29,0.84896,16,-116.02,-5.23,0.15103,3,15,-38.16999,26.03,0.99936,20,-106.63,-181.62,0,16,-116.44,38.84999,6.3E-4,3,15,6.64,48.35,0.99999,20,-121.04,-133.64,0,16,-84.82,77.68,0,3,15,55.51,48.87,0.99999,20,-113.27,-85.37,0,16,-40.5,98.32,0,2,15,123.12,35.93,0.83565,19,-33.14,24.22,0.16434,1,19,8.83,30.75,1,1,19,63.59,31.31,1,4,15,242.24,-38.89,6.0E-5,19,107.12,13.29,0.02908,21,31.71,27.64,0.97085,18,46,104.23,0,4,15,252.77,-51.52,2.0E-5,21,48.15,27.68,0.93617,24,-31,-10.95,0.0638,18,62.03,107.87,0,1,21,79.86,17.12,1,1,24,16.73,20.87,1,2,24,34.99,18.12999,0.74658,27,10.85,22.04,0.25341,2,24,42.56,17,0.50258,27,12.96,14.69,0.49741,3,24,47.81,19.5,0.33702,27,17.42,10.95,0.66297,25,-25.45,32.03,0,3,24,52.52,21.74,0.21685,27,21.41,7.6,0.78314,25,-25.06,37.23,0,3,27,33.43,6.98,0.86154,31,-4.52,20.7,0.12647,32,-28.2,37.31,0.01198,3,27,44.21,13.8,0.4182,31,6.2,13.81,0.48472,32,-25.76,24.8,0.09707,3,27,42.23,36.18,0.02573,31,25.65,25.04,0.3134,32,-4.19,18.52,0.66085,1,32,11.08,9.60999,1,5,27,43.93,68.67,0,31,55.83,37.23,4.0E-5,32,25.47,5.16,0.99995,29,-94.34,32.5,0,25,-87.81,19.89,0,3,32,41.07,1,1,29,-110.42,31.18,0,25,-99.8,9.09,0,6,32,30.45,-6.05,0.98231,33,9.54,23.5,0.01748,34,0,28.21,5.0E-5,35,-16.17,37.74,1.4E-4,29,-102.79,41.4,0,25,-99.93,21.84,0,4,32,18.91,-11.03,0.50422,33,-0.4,15.83,0.48779,34,-12.52,27.38,0.00796,25,-97.81,34.23,0,5,32,34.45,-18.18,0.06208,33,16.42,12.74,0.7257,34,-0.28,15.44,0.21221,29,-110.62,51.49,0,25,-112.28,25.11,0,3,34,23.34,6.07,1,29,-134.86,43.85,0,25,-126.91,4.32,0,3,34,46.19,1.69,1,29,-155.35,32.82,0,25,-136.51,-16.87,0,5,32,84.51,-21.11,1.0E-5,33,65.65,22.29,5.0E-5,34,45.92,-4.06,0.99993,29,-158.77,37.46,0,25,-142.04,-15.26,0,3,34,22.98,-7.52,1,29,-143.17,54.63,0,25,-140.06,7.85,0,5,33,30.47,-11.73,0.34676,34,-2.25,-12.71,0.5478,35,22.43,23.96,0.10542,29,-126.86,74.57,0,25,-139.2,33.59999,0,4,33,16.16,-16.7,0.29248,34,-16.9,-8.85999,0.05717,35,14.58,11,0.65033,25,-132.04,46.95,0,6,31,106.51,-4.26,2.0E-4,32,30.56,-60.14,0,33,23.03,-28.87,0.00206,35,27.63,6.01,0.99773,29,-121.02,92.32,0,25,-145.33,51.26,0,3,34,-19.78,-41.72,1.4E-4,35,45.27,-1.08,0.99985,25,-163.32,57.43,0,2,35,25.36,-4.67,1,25,-143.63,62.05,0,5,31,74.87,-21.11,0.13544,32,-3.49,-48.94,0.00137,35,-1.46,-14.93,0.86317,29,-85.18,93.19,1.0E-5,25,-117.37,73.69999,0,5,31,78.24,-28.48,0.14617,32,-6.49,-56.48,0.00151,35,2.86,-21.79,0.85229,29,-84.89,101.29,1.0E-5,25,-122.05,80.32,0,5,31,72.6,-28.53,0.15994,32,-10.42,-52.43,0.00145,35,-2.71,-22.59,0.83858,29,-79.83,98.8,1.0E-5,25,-116.52,81.41,0,5,31,55.45,-20.96999,0.63112,33,-29.14,-16.06,0.06527,35,-20.71999,-17.41,0.30352,29,-67.89,84.36,5.0E-5,25,-98.26,77.17,0,4,31,31.49,-21.66,0.99317,35,-44.37,-21.31,0.00639,29,-46.16,74.22,4.3E-4,25,-74.83999,82.3,0,3,27,65.94,-2.97,0.28793,31,0.16,-12.97,0.71206,25,-42.44,79.57,0,3,27,55.67,-9.47,0.69421,31,-10.05,-6.4,0.30578,25,-31.17,75.01999,0,1,27,47.94,-14.35,1,1,30,16.62,2.08,1,1,30,16.12,-1.07,1,1,30,-0.15,-5.93,1,1,29,3.4,6.59,1,3,24,92.02,-4.56,2.4E-4,29,12.66,-0.67,0.99975,25,17.37999,58.46,0,3,29,7.95,-5.73,0.87183,28,11.94,15.91,0.12816,25,16.70999,51.58,0,3,24,76.55,-11.78,0.01222,29,1.21,-13.33,0.04525,28,6.54,7.3,0.94252,2,28,13.09,-1.95,0.99999,25,26.09,36.33,0,3,27,-13.92,-20.84,9.0E-4,28,1.27,-8.38,0.60508,26,12.96,9.31,0.39401,1,19,20.16,-23.81,1,1,15,118.34,-26.54,1,1,15,71.39,-29.48,1,2,15,34.13,-54.25,0.08198,16,-17.43,-4.46,0.91801,1,19,61.19,-22.44,1,1,21,31.45,-15.47,1,1,21,36.96,-15.7,1,1,24,13.92,-17.02,1,4,24,57.73,-12.31,0.16985,27,-7.39,-11.28,0.09623,28,-9.07,-3.2,0.32506,26,1.57,11.37,0.40884,1,27,11.86,-22.37,1,1,27,39.04,-16.26,1,4,31,71.82,-1.1,0.36321,33,-4.73,-7.85,0.37803,35,-7.16,4.48,0.25874,25,-110.66,54.6,0,1,31,49.92,-1.75,1,3,31,43.18,7.09,0.69398,32,-5.03,-6.55,0.30598,29,-69.51999,53.76,2.0E-5,3,15,116.93,-45.02,1.6E-4,18,-5.47,-10.2,0.28786,17,9.08,13.98,0.71197,3,15,75.17,-48.15,0.03447,17,-13.98,-20.95999,0.29275,16,17.43,18.02,0.67277,1,16,2.8,-13.31,1,2,20,-2.36999,-15.54,0.21424,18,9.55,11.52,0.78575,3,19,60.9,-28.92,0.02092,22,-3.76,-13.48,0.78367,20,10.35,21.45,0.19539,1,21,31.42,-20.56,1,1,21,35.57,-21.07,1,1,23,-3.3,1.71,1,1,23,0.8,7.29,1,2,26,-6.63,-5.86,0.19289,25,2.51,6.29,0.8071,4,24,59.98,-16.04999,0.16985,27,-9.85,-14.89,0.09623,28,-5.16,-5.16,0.32506,26,5.87,10.59,0.40884,1,23,7.15,-0.02,1,3,24,69.18,-7.05,0.57899,29,-7.41,-11.84,0.17047,28,-2.21,7.36,0.25053,3,24,71.12999,-9.25,0.01222,29,-4.75,-13.11,0.04525,28,0.61,6.54,0.94252,1,29,0.8,-3.68,1,1,27,17.7,-24.91,1,1,24,38.95,-14.33,1,1,24,22.48,-15.13,1,1,26,6.53,0.72,1,1,26,-0.39,2.34999,1,1,24,48.54,-13.3,1],"hull":80,"edges":[88,90,90,92,48,46,66,68,40,42,42,44,44,46,48,50,50,52,52,54,34,36,36,38,32,34,32,30,68,70,70,72,40,38,26,28,24,22,20,18,18,16,16,14,14,12,12,10,10,8,8,6,6,4,4,2,2,0,158,156,156,154,154,152,152,150,150,148,148,146,146,144,142,144,142,140,92,136,136,134,134,132,128,126,126,124,124,122,122,120,120,118,118,116,116,114,114,112,112,110,110,108,108,106,106,104,158,0,64,66,64,62,58,60,62,60,28,30,24,26,20,22,114,108,116,106,104,96,72,74,74,76,76,78,160,70,162,68,160,162,164,66,162,164,166,62,164,166,54,56,56,58,166,56,168,72,160,168,170,74,168,170,172,76,170,172,174,78,172,174,84,176,88,178,90,180,180,146,178,180,180,140,124,120,128,130,130,132,96,98,98,100,100,102,102,104,98,102,92,94,94,96,118,104,126,132,126,118,78,80,118,182,182,184,184,186,186,104,186,94,184,132,186,134,186,92,38,188,188,162,46,190,190,164,188,190,52,192,192,166,190,192,52,46,46,38,38,30,30,24,30,194,194,160,188,194,22,196,196,168,194,196,18,198,198,170,196,198,16,200,200,172,198,200,202,174,200,202,202,204,204,206,158,208,208,176,10,204,6,206,22,18,14,210,210,202,16,210,210,10,6,10,176,212,212,178,84,86,86,88,212,86,154,214,214,212,208,214,152,216,216,178,214,216,216,218,218,180,148,218,218,178,206,220,80,82,82,84,220,82,174,222,222,220,204,222,222,80,6,224,224,158,2,224,206,226,226,208,224,226,176,228,228,220,226,228,136,138,138,140],"width":447,"height":191}},"tou":{"tou":{"type":"mesh","uvs":[1,1,0,1,0,0,1,0,0.30764,0.29612,0.37783,0.28012,0.47868,0.29745,0.53596,0.36345,0.58357,0.42145,0.58921,0.48945,0.60616,0.55745,0.51499,0.56812,0.40445,0.52745,0.34717,0.47879,0.33587,0.38612,0.31369,0.31542,0.41575,0.33012,0.49724,0.35812,0.54161,0.39145,0.57227,0.44812,0.57711,0.52745,0.57066,0.55079],"triangles":[5,2,3,4,2,5,6,5,3,15,4,5,16,5,6,15,5,16,7,17,6,16,6,17,3,7,6,14,15,16,8,18,7,17,7,18,3,8,7,19,18,8,13,14,16,9,8,3,19,8,9,17,12,13,17,13,16,12,17,18,12,18,19,19,11,12,9,20,19,19,20,11,10,9,3,20,9,10,21,20,10,21,11,20,11,21,10,15,1,2,15,2,4,13,1,15,13,15,14,1,13,12,10,3,0,11,10,0,1,12,11,0,1,11],"vertices":[168.1,-156.16,-7.88,-158.1,-10.22,54.88,165.76,56.82,44.6,-7.58,56.92,-4.04,74.71,-7.54,84.95,-21.48,93.46,-33.74,94.61,-48.22,97.75,-62.67,81.73,-65.11,62.19,-56.67,51.99,-46.41,49.78,-26.7,45.72,-11.68,63.71,-14.62,78.12,-20.42,86,-27.44,91.53,-39.45,92.57,-56.33,91.49,-61.32],"hull":4,"edges":[0,2,2,4,4,6,0,6,8,10,10,12,12,14,14,16,16,18,18,20,20,22,22,24,24,26,26,28,8,30,30,28,30,32,32,34,34,36,36,38,38,40,40,42],"width":176,"height":213}},"tou1":{"tou1":{"x":26.8,"y":-0.45,"rotation":-161.47,"width":71,"height":46}},"toujiaoL":{"toujiaoL":{"x":57.58,"y":2.34,"rotation":-134.25,"width":107,"height":153}},"toujiaoR":{"toujiaoR":{"x":101.02,"y":9.72,"rotation":-140.32,"width":200,"height":156}},"xiaobiL":{"xiaobiL":{"x":26.27,"y":-3.85,"rotation":12.81,"width":104,"height":45}},"xiaobiR":{"xiaobiR":{"x":19.01,"y":-3.84,"rotation":15.26,"width":122,"height":61}},"xiaotuiL":{"xiaotuiL":{"x":19.79,"y":1.04,"rotation":-170.08,"width":67,"height":31}},"xiaotuiR":{"xiaotuiR":{"x":16.5,"y":-0.4,"rotation":-132.48,"width":61,"height":65}},"zui":{"zui":{"x":69.9,"y":-4.34,"rotation":48.94,"width":186,"height":140}}}},"animations":{"stand":{"bones":{"bone":{"rotate":[{"time":0,"angle":0},{"time":0.5,"angle":-1.73},{"time":1,"angle":0}],"translate":[{"time":0,"x":0,"y":0},{"time":0.2666,"x":7.11,"y":10.67},{"time":0.5,"x":0,"y":20.01},{"time":0.7666,"x":-8.54,"y":9.33},{"time":1,"x":0,"y":0}],"scale":[{"time":0,"x":1,"y":1,"curve":"stepped"},{"time":0.5,"x":1,"y":1,"curve":"stepped"},{"time":1,"x":1,"y":1}]},"jiaoL":{"rotate":[{"time":0,"angle":0,"curve":"stepped"},{"time":0.5,"angle":0,"curve":"stepped"},{"time":1,"angle":0}],"translate":[{"time":0,"x":0,"y":0,"curve":"stepped"},{"time":0.5,"x":0,"y":0,"curve":"stepped"},{"time":1,"x":0,"y":0}],"scale":[{"time":0,"x":1,"y":1,"curve":"stepped"},{"time":0.5,"x":1,"y":1,"curve":"stepped"},{"time":1,"x":1,"y":1}]},"jiaoR":{"rotate":[{"time":0,"angle":0,"curve":"stepped"},{"time":0.5,"angle":0,"curve":"stepped"},{"time":1,"angle":0}],"translate":[{"time":0,"x":0,"y":0,"curve":"stepped"},{"time":0.5,"x":0,"y":0,"curve":"stepped"},{"time":1,"x":0,"y":0}],"scale":[{"time":0,"x":1,"y":1,"curve":"stepped"},{"time":0.5,"x":1,"y":1,"curve":"stepped"},{"time":1,"x":1,"y":1}]},"datuiL":{"rotate":[{"time":0,"angle":0},{"time":0.2666,"angle":-7.4},{"time":0.5,"angle":-0.78},{"time":0.7666,"angle":9.84},{"time":1,"angle":0}],"translate":[{"time":0,"x":0,"y":0,"curve":"stepped"},{"time":0.5,"x":0,"y":0,"curve":"stepped"},{"time":1,"x":0,"y":0}],"scale":[{"time":0,"x":1,"y":1,"curve":"stepped"},{"time":0.5,"x":1,"y":1,"curve":"stepped"},{"time":1,"x":1,"y":1}]},"datuiR":{"rotate":[{"time":0,"angle":0},{"time":0.2666,"angle":1.61},{"time":0.5,"angle":10.44},{"time":0.7666,"angle":11.68},{"time":1,"angle":0}],"translate":[{"time":0,"x":0,"y":0,"curve":"stepped"},{"time":0.5,"x":0,"y":0,"curve":"stepped"},{"time":1,"x":0,"y":0}],"scale":[{"time":0,"x":1,"y":1,"curve":"stepped"},{"time":0.5,"x":1,"y":1,"curve":"stepped"},{"time":1,"x":1,"y":1}]},"shenti":{"rotate":[{"time":0,"angle":0,"curve":"stepped"},{"time":0.5,"angle":0,"curve":"stepped"},{"time":1,"angle":0}],"translate":[{"time":0,"x":0,"y":0,"curve":"stepped"},{"time":0.5,"x":0,"y":0,"curve":"stepped"},{"time":1,"x":0,"y":0}],"scale":[{"time":0,"x":1,"y":1,"curve":"stepped"},{"time":0.5,"x":1,"y":1,"curve":"stepped"},{"time":1,"x":1,"y":1}]},"weiba1":{"rotate":[{"time":0,"angle":0},{"time":0.5,"angle":-1.36},{"time":1,"angle":0}],"translate":[{"time":0,"x":0,"y":0,"curve":"stepped"},{"time":0.5,"x":0,"y":0,"curve":"stepped"},{"time":1,"x":0,"y":0}],"scale":[{"time":0,"x":1,"y":1,"curve":"stepped"},{"time":0.5,"x":1,"y":1,"curve":"stepped"},{"time":1,"x":1,"y":1}]},"bozixia":{"rotate":[{"time":0,"angle":0},{"time":0.2333,"angle":-0.58},{"time":0.5,"angle":3.22},{"time":0.7333,"angle":3.12},{"time":1,"angle":0}],"translate":[{"time":0,"x":0,"y":0,"curve":"stepped"},{"time":0.5,"x":0,"y":0,"curve":"stepped"},{"time":1,"x":0,"y":0}],"scale":[{"time":0,"x":1,"y":1,"curve":"stepped"},{"time":0.5,"x":1,"y":1,"curve":"stepped"},{"time":1,"x":1,"y":1}]},"chibangR1":{"rotate":[{"time":0,"angle":0},{"time":0.5,"angle":-8.28},{"time":1,"angle":0}],"translate":[{"time":0,"x":0,"y":0,"curve":"stepped"},{"time":1,"x":0,"y":0}],"scale":[{"time":0,"x":1,"y":1,"curve":"stepped"},{"time":1,"x":1,"y":1}]},"dabiL":{"rotate":[{"time":0,"angle":0},{"time":0.2666,"angle":-9.16},{"time":0.5,"angle":-0.28},{"time":0.7666,"angle":5.24},{"time":1,"angle":0}],"translate":[{"time":0,"x":0,"y":0,"curve":"stepped"},{"time":0.5,"x":0,"y":0,"curve":"stepped"},{"time":1,"x":0,"y":0}],"scale":[{"time":0,"x":1,"y":1,"curve":"stepped"},{"time":0.5,"x":1,"y":1,"curve":"stepped"},{"time":1,"x":1,"y":1}]},"jianbang":{"rotate":[{"time":0,"angle":0,"curve":"stepped"},{"time":0.5,"angle":0,"curve":"stepped"},{"time":1,"angle":0}],"translate":[{"time":0,"x":0,"y":0,"curve":"stepped"},{"time":0.5,"x":0,"y":0,"curve":"stepped"},{"time":1,"x":0,"y":0}],"scale":[{"time":0,"x":1,"y":1,"curve":"stepped"},{"time":0.5,"x":1,"y":1,"curve":"stepped"},{"time":1,"x":1,"y":1}]},"weiba2":{"rotate":[{"time":0,"angle":0.09},{"time":0.0666,"angle":1.97},{"time":0.5666,"angle":-2.22},{"time":1,"angle":0.09}],"translate":[{"time":0,"x":0,"y":0,"curve":"stepped"},{"time":0.0666,"x":0,"y":0,"curve":"stepped"},{"time":0.5666,"x":0,"y":0,"curve":"stepped"},{"time":1,"x":0,"y":0}],"scale":[{"time":0,"x":1,"y":1,"curve":"stepped"},{"time":0.0666,"x":1,"y":1,"curve":"stepped"},{"time":0.5666,"x":1,"y":1,"curve":"stepped"},{"time":1,"x":1,"y":1}]},"xiaotuiL":{"rotate":[{"time":0,"angle":0},{"time":0.2666,"angle":12.32},{"time":0.5,"angle":21.51},{"time":0.7666,"angle":9.22},{"time":1,"angle":0}],"translate":[{"time":0,"x":0,"y":0,"curve":"stepped"},{"time":0.5,"x":0,"y":0,"curve":"stepped"},{"time":1,"x":0,"y":0}],"scale":[{"time":0,"x":1,"y":1,"curve":"stepped"},{"time":0.5,"x":1,"y":1,"curve":"stepped"},{"time":1,"x":1,"y":1}]},"xiaotuiR":{"rotate":[{"time":0,"angle":0},{"time":0.2666,"angle":14.51},{"time":0.5,"angle":15.92},{"time":0.7666,"angle":-0.55},{"time":1,"angle":0}],"translate":[{"time":0,"x":0,"y":0,"curve":"stepped"},{"time":0.5,"x":0,"y":0,"curve":"stepped"},{"time":1,"x":0,"y":0}],"scale":[{"time":0,"x":1,"y":1,"curve":"stepped"},{"time":0.5,"x":1,"y":1,"curve":"stepped"},{"time":1,"x":1,"y":1}]},"bozishang":{"rotate":[{"time":0,"angle":0},{"time":0.2333,"angle":-1.16},{"time":0.5,"angle":1.98},{"time":0.7333,"angle":2.46},{"time":1,"angle":0}],"translate":[{"time":0,"x":0,"y":0,"curve":"stepped"},{"time":0.5,"x":0,"y":0,"curve":"stepped"},{"time":1,"x":0,"y":0}],"scale":[{"time":0,"x":1,"y":1,"curve":"stepped"},{"time":0.5,"x":1,"y":1,"curve":"stepped"},{"time":1,"x":1,"y":1}]},"dabiR":{"rotate":[{"time":0,"angle":0},{"time":0.5,"angle":13.11},{"time":1,"angle":0}],"translate":[{"time":0,"x":0,"y":0,"curve":"stepped"},{"time":0.5,"x":0,"y":0,"curve":"stepped"},{"time":1,"x":0,"y":0}],"scale":[{"time":0,"x":1,"y":1,"curve":"stepped"},{"time":0.5,"x":1,"y":1,"curve":"stepped"},{"time":1,"x":1,"y":1}]},"weiba3":{"rotate":[{"time":0,"angle":0.6},{"time":0.2,"angle":3.95},{"time":0.7,"angle":0.03},{"time":1,"angle":0.6}],"translate":[{"time":0,"x":0,"y":0,"curve":"stepped"},{"time":0.2,"x":0,"y":0,"curve":"stepped"},{"time":0.7,"x":0,"y":0,"curve":"stepped"},{"time":1,"x":0,"y":0}],"scale":[{"time":0,"x":1,"y":1,"curve":"stepped"},{"time":0.2,"x":1,"y":1,"curve":"stepped"},{"time":0.7,"x":1,"y":1,"curve":"stepped"},{"time":1,"x":1,"y":1}]},"xiaobiL":{"rotate":[{"time":0,"angle":0},{"time":0.2333,"angle":-0.38},{"time":0.5,"angle":-6.49},{"time":0.7666,"angle":-2.52},{"time":1,"angle":0}],"translate":[{"time":0,"x":0,"y":0,"curve":"stepped"},{"time":0.5,"x":0,"y":0,"curve":"stepped"},{"time":1,"x":0,"y":0}],"scale":[{"time":0,"x":1,"y":1,"curve":"stepped"},{"time":0.5,"x":1,"y":1,"curve":"stepped"},{"time":1,"x":1,"y":1}]},"chujiao":{"rotate":[{"time":0,"angle":0,"curve":"stepped"},{"time":0.5,"angle":0,"curve":"stepped"},{"time":1,"angle":0}],"translate":[{"time":0,"x":0,"y":0,"curve":"stepped"},{"time":0.5,"x":0,"y":0,"curve":"stepped"},{"time":1,"x":0,"y":0}],"scale":[{"time":0,"x":1,"y":1,"curve":"stepped"},{"time":0.5,"x":1,"y":1,"curve":"stepped"},{"time":1,"x":1,"y":1}]},"er":{"rotate":[{"time":0,"angle":0,"curve":"stepped"},{"time":0.5,"angle":0,"curve":"stepped"},{"time":1,"angle":0}],"translate":[{"time":0,"x":0,"y":0,"curve":"stepped"},{"time":0.5,"x":0,"y":0,"curve":"stepped"},{"time":1,"x":0,"y":0}],"scale":[{"time":0,"x":1,"y":1,"curve":"stepped"},{"time":0.5,"x":1,"y":1,"curve":"stepped"},{"time":1,"x":1,"y":1}]},"shouL":{"rotate":[{"time":0,"angle":0},{"time":0.2666,"angle":5.73},{"time":0.5,"angle":-4.28},{"time":1,"angle":0}],"translate":[{"time":0,"x":0,"y":0,"curve":"stepped"},{"time":0.5,"x":0,"y":0,"curve":"stepped"},{"time":1,"x":0,"y":0}],"scale":[{"time":0,"x":1,"y":1,"curve":"stepped"},{"time":0.5,"x":1,"y":1,"curve":"stepped"},{"time":1,"x":1,"y":1}]},"tou":{"rotate":[{"time":0,"angle":0,"curve":"stepped"},{"time":0.5,"angle":0,"curve":"stepped"},{"time":1,"angle":0}],"translate":[{"time":0,"x":0,"y":0,"curve":"stepped"},{"time":0.5,"x":0,"y":0,"curve":"stepped"},{"time":1,"x":0,"y":0}],"scale":[{"time":0,"x":1,"y":1,"curve":"stepped"},{"time":0.5,"x":1,"y":1,"curve":"stepped"},{"time":1,"x":1,"y":1}]},"weiba4":{"rotate":[{"time":0,"angle":-1.6},{"time":0.2666,"angle":5.94},{"time":0.7666,"angle":-8.21},{"time":1,"angle":-1.6}],"translate":[{"time":0,"x":0,"y":0,"curve":"stepped"},{"time":0.2666,"x":0,"y":0,"curve":"stepped"},{"time":0.7666,"x":0,"y":0,"curve":"stepped"},{"time":1,"x":0,"y":0}],"scale":[{"time":0,"x":1,"y":1,"curve":"stepped"},{"time":0.2666,"x":1,"y":1,"curve":"stepped"},{"time":0.7666,"x":1,"y":1,"curve":"stepped"},{"time":1,"x":1,"y":1}]},"xiaobiR":{"rotate":[{"time":0,"angle":0},{"time":0.2666,"angle":-14.43},{"time":0.5,"angle":-13.08},{"time":1,"angle":0}],"translate":[{"time":0,"x":0,"y":0,"curve":"stepped"},{"time":0.5,"x":0,"y":0,"curve":"stepped"},{"time":1,"x":0,"y":0}],"scale":[{"time":0,"x":1,"y":1,"curve":"stepped"},{"time":0.5,"x":1,"y":1,"curve":"stepped"},{"time":1,"x":1,"y":1}]},"zui":{"rotate":[{"time":0,"angle":0,"curve":"stepped"},{"time":0.1666,"angle":0},{"time":0.5,"angle":-5.24},{"time":0.8333,"angle":0,"curve":"stepped"},{"time":1,"angle":0}],"translate":[{"time":0,"x":0,"y":0,"curve":"stepped"},{"time":0.1666,"x":0,"y":0,"curve":"stepped"},{"time":0.5,"x":0,"y":0,"curve":"stepped"},{"time":0.8333,"x":0,"y":0,"curve":"stepped"},{"time":1,"x":0,"y":0}],"scale":[{"time":0,"x":1,"y":1,"curve":"stepped"},{"time":0.1666,"x":1,"y":1,"curve":"stepped"},{"time":0.5,"x":1,"y":1,"curve":"stepped"},{"time":0.8333,"x":1,"y":1,"curve":"stepped"},{"time":1,"x":1,"y":1}]},"shouR":{"rotate":[{"time":0,"angle":0},{"time":0.2666,"angle":3.32},{"time":0.5,"angle":-3.46},{"time":0.7333,"angle":6.13},{"time":1,"angle":0}],"translate":[{"time":0,"x":0,"y":0,"curve":"stepped"},{"time":0.5,"x":0,"y":0,"curve":"stepped"},{"time":1,"x":0,"y":0}],"scale":[{"time":0,"x":1,"y":1,"curve":"stepped"},{"time":0.5,"x":1,"y":1,"curve":"stepped"},{"time":1,"x":1,"y":1}]},"toujiaoL":{"rotate":[{"time":0,"angle":0},{"time":0.2666,"angle":3.57},{"time":0.5,"angle":0},{"time":0.7666,"angle":-2.7},{"time":1,"angle":0}],"translate":[{"time":0,"x":0,"y":0,"curve":"stepped"},{"time":0.5,"x":0,"y":0,"curve":"stepped"},{"time":1,"x":0,"y":0}],"scale":[{"time":0,"x":1,"y":1,"curve":"stepped"},{"time":0.5,"x":1,"y":1,"curve":"stepped"},{"time":1,"x":1,"y":1}]},"toujiaoR":{"rotate":[{"time":0,"angle":0},{"time":0.2666,"angle":3.48},{"time":0.5,"angle":0},{"time":0.7666,"angle":-0.5},{"time":1,"angle":0}],"translate":[{"time":0,"x":0,"y":0,"curve":"stepped"},{"time":0.5,"x":0,"y":0,"curve":"stepped"},{"time":1,"x":0,"y":0}],"scale":[{"time":0,"x":1,"y":1,"curve":"stepped"},{"time":0.5,"x":1,"y":1,"curve":"stepped"},{"time":1,"x":1,"y":1}]},"weiba5":{"rotate":[{"time":0,"angle":-1.51},{"time":0.3333,"angle":7.93},{"time":0.8333,"angle":-6.23},{"time":1,"angle":-1.51}],"translate":[{"time":0,"x":0,"y":0,"curve":"stepped"},{"time":0.3333,"x":0,"y":0,"curve":"stepped"},{"time":0.8333,"x":0,"y":0,"curve":"stepped"},{"time":1,"x":0,"y":0}],"scale":[{"time":0,"x":1,"y":1,"curve":"stepped"},{"time":0.3333,"x":1,"y":1,"curve":"stepped"},{"time":0.8333,"x":1,"y":1,"curve":"stepped"},{"time":1,"x":1,"y":1}]},"chibangL1":{"rotate":[{"time":0,"angle":0,"curve":"stepped"},{"time":1,"angle":0}],"translate":[{"time":0,"x":0,"y":0,"curve":"stepped"},{"time":1,"x":0,"y":0}],"scale":[{"time":0,"x":1,"y":1,"curve":"stepped"},{"time":1,"x":1,"y":1}]},"chibangL3":{"rotate":[{"time":0,"angle":0,"curve":"stepped"},{"time":1,"angle":0}],"translate":[{"time":0,"x":0,"y":0,"curve":"stepped"},{"time":1,"x":0,"y":0}],"scale":[{"time":0,"x":1,"y":1,"curve":"stepped"},{"time":1,"x":1,"y":1}]},"tou1":{"rotate":[{"time":0,"angle":0,"curve":"stepped"},{"time":0.5,"angle":0,"curve":"stepped"},{"time":1,"angle":0}],"translate":[{"time":0,"x":0,"y":0,"curve":"stepped"},{"time":0.5,"x":0,"y":0,"curve":"stepped"},{"time":1,"x":0,"y":0}],"scale":[{"time":0,"x":1,"y":1,"curve":"stepped"},{"time":0.5,"x":1,"y":1,"curve":"stepped"},{"time":1,"x":1,"y":1}]},"bone2":{"rotate":[{"time":0,"angle":0,"curve":"stepped"},{"time":1,"angle":0}],"translate":[{"time":0,"x":0,"y":0,"curve":"stepped"},{"time":1,"x":0,"y":0}],"scale":[{"time":0,"x":1,"y":1,"curve":"stepped"},{"time":1,"x":1,"y":1}]},"bone3":{"rotate":[{"time":0,"angle":0,"curve":"stepped"},{"time":1,"angle":0}],"translate":[{"time":0,"x":0,"y":0,"curve":"stepped"},{"time":1,"x":0,"y":0}],"scale":[{"time":0,"x":1,"y":1,"curve":"stepped"},{"time":1,"x":1,"y":1}]},"bone4":{"rotate":[{"time":0,"angle":0},{"time":0.5,"angle":20.19},{"time":0.7666,"angle":12.57},{"time":1,"angle":0}],"translate":[{"time":0,"x":0,"y":0,"curve":"stepped"},{"time":0.5,"x":0,"y":0,"curve":"stepped"},{"time":1,"x":0,"y":0}],"scale":[{"time":0,"x":1,"y":1,"curve":"stepped"},{"time":0.5,"x":1,"y":1,"curve":"stepped"},{"time":1,"x":1,"y":1}]},"bone5":{"rotate":[{"time":0,"angle":0},{"time":0.2666,"angle":-11.08},{"time":0.5,"angle":-5.23},{"time":0.7666,"angle":6.26},{"time":1,"angle":0}],"translate":[{"time":0,"x":0,"y":0,"curve":"stepped"},{"time":0.5,"x":0,"y":0,"curve":"stepped"},{"time":1,"x":0,"y":0}],"scale":[{"time":0,"x":1,"y":1,"curve":"stepped"},{"time":0.5,"x":1,"y":1,"curve":"stepped"},{"time":1,"x":1,"y":1}]},"bone6":{"rotate":[{"time":0,"angle":0},{"time":0.5,"angle":18.2},{"time":1,"angle":0}],"translate":[{"time":0,"x":0,"y":0,"curve":"stepped"},{"time":0.5,"x":0,"y":0,"curve":"stepped"},{"time":1,"x":0,"y":0}],"scale":[{"time":0,"x":1,"y":1,"curve":"stepped"},{"time":0.5,"x":1,"y":1,"curve":"stepped"},{"time":1,"x":1,"y":1}]},"bone7":{"rotate":[{"time":0,"angle":0},{"time":0.2666,"angle":-6.66},{"time":0.5,"angle":0},{"time":0.7666,"angle":6.77},{"time":1,"angle":0}],"translate":[{"time":0,"x":0,"y":0,"curve":"stepped"},{"time":0.5,"x":0,"y":0,"curve":"stepped"},{"time":1,"x":0,"y":0}],"scale":[{"time":0,"x":1,"y":1,"curve":"stepped"},{"time":0.5,"x":1,"y":1,"curve":"stepped"},{"time":1,"x":1,"y":1}]},"bone8":{"rotate":[{"time":0,"angle":0},{"time":0.5,"angle":9.19},{"time":1,"angle":0}],"translate":[{"time":0,"x":0,"y":0,"curve":"stepped"},{"time":0.5,"x":0,"y":0,"curve":"stepped"},{"time":1,"x":0,"y":0}],"scale":[{"time":0,"x":1,"y":1,"curve":"stepped"},{"time":0.5,"x":1,"y":1,"curve":"stepped"},{"time":1,"x":1,"y":1}]},"bone9":{"rotate":[{"time":0,"angle":0},{"time":0.2666,"angle":-7.35},{"time":0.5,"angle":0},{"time":0.7666,"angle":3.63},{"time":1,"angle":0}],"translate":[{"time":0,"x":0,"y":0,"curve":"stepped"},{"time":0.5,"x":0,"y":0,"curve":"stepped"},{"time":1,"x":0,"y":0}],"scale":[{"time":0,"x":1,"y":1,"curve":"stepped"},{"time":0.5,"x":1,"y":1,"curve":"stepped"},{"time":1,"x":1,"y":1}]},"bone10":{"rotate":[{"time":0,"angle":0},{"time":0.1666,"angle":-2.78},{"time":0.3333,"angle":-7.66},{"time":0.5,"angle":-6.46},{"time":0.7,"angle":1.1},{"time":0.8333,"angle":1.23},{"time":1,"angle":0}],"translate":[{"time":0,"x":0,"y":0,"curve":"stepped"},{"time":0.3333,"x":0,"y":0,"curve":"stepped"},{"time":1,"x":0,"y":0}],"scale":[{"time":0,"x":1,"y":1,"curve":"stepped"},{"time":0.3333,"x":1,"y":1,"curve":"stepped"},{"time":1,"x":1,"y":1}]},"bone23":{"rotate":[{"time":0,"angle":0},{"time":0.3333,"angle":7.19},{"time":0.7333,"angle":1.21},{"time":1,"angle":0}],"translate":[{"time":0,"x":0,"y":0,"curve":"stepped"},{"time":0.3333,"x":0,"y":0,"curve":"stepped"},{"time":0.7333,"x":0,"y":0,"curve":"stepped"},{"time":1,"x":0,"y":0}],"scale":[{"time":0,"x":1,"y":1,"curve":"stepped"},{"time":0.3333,"x":1,"y":1,"curve":"stepped"},{"time":0.7333,"x":1,"y":1,"curve":"stepped"},{"time":1,"x":1,"y":1}]},"bone24":{"rotate":[{"time":0,"angle":0},{"time":0.2,"angle":9},{"time":0.4666,"angle":3.11},{"time":0.7666,"angle":-21.64},{"time":1,"angle":0}],"translate":[{"time":0,"x":0,"y":0,"curve":"stepped"},{"time":0.2,"x":0,"y":0,"curve":"stepped"},{"time":0.4666,"x":0,"y":0,"curve":"stepped"},{"time":1,"x":0,"y":0}],"scale":[{"time":0,"x":1,"y":1,"curve":"stepped"},{"time":0.2,"x":1,"y":1,"curve":"stepped"},{"time":0.4666,"x":1,"y":1,"curve":"stepped"},{"time":1,"x":1,"y":1}]},"bone25":{"rotate":[{"time":0,"angle":0},{"time":0.2333,"angle":18.5},{"time":0.4333,"angle":12.09},{"time":0.8333,"angle":0.1},{"time":1,"angle":0}],"translate":[{"time":0,"x":0,"y":0,"curve":"stepped"},{"time":0.4333,"x":0,"y":0,"curve":"stepped"},{"time":0.8333,"x":0,"y":0,"curve":"stepped"},{"time":1,"x":0,"y":0}],"scale":[{"time":0,"x":1,"y":1,"curve":"stepped"},{"time":0.4333,"x":1,"y":1,"curve":"stepped"},{"time":0.8333,"x":1,"y":1,"curve":"stepped"},{"time":1,"x":1,"y":1}]},"bone22":{"rotate":[{"time":0,"angle":0},{"time":0.3333,"angle":3.46},{"time":0.8333,"angle":-12.88},{"time":1,"angle":0}],"translate":[{"time":0,"x":0,"y":0,"curve":"stepped"},{"time":0.3333,"x":0,"y":0,"curve":"stepped"},{"time":0.8333,"x":0,"y":0,"curve":"stepped"},{"time":1,"x":0,"y":0}],"scale":[{"time":0,"x":1,"y":1,"curve":"stepped"},{"time":0.3333,"x":1,"y":1,"curve":"stepped"},{"time":0.8333,"x":1,"y":1,"curve":"stepped"},{"time":1,"x":1,"y":1}]},"bone21":{"rotate":[{"time":0,"angle":0},{"time":0.3333,"angle":-21.8},{"time":0.6666,"angle":18.27},{"time":1,"angle":0}],"translate":[{"time":0,"x":0,"y":0,"curve":"stepped"},{"time":0.3333,"x":0,"y":0,"curve":"stepped"},{"time":0.6666,"x":0,"y":0,"curve":"stepped"},{"time":1,"x":0,"y":0}],"scale":[{"time":0,"x":1,"y":1,"curve":"stepped"},{"time":0.3333,"x":1,"y":1,"curve":"stepped"},{"time":0.6666,"x":1,"y":1,"curve":"stepped"},{"time":1,"x":1,"y":1}]},"bone20":{"rotate":[{"time":0,"angle":0},{"time":0.3333,"angle":-14.4},{"time":0.6666,"angle":31.8},{"time":1,"angle":0}],"translate":[{"time":0,"x":0,"y":0,"curve":"stepped"},{"time":0.3333,"x":0,"y":0,"curve":"stepped"},{"time":0.6666,"x":0,"y":0,"curve":"stepped"},{"time":1,"x":0,"y":0}],"scale":[{"time":0,"x":1,"y":1,"curve":"stepped"},{"time":0.3333,"x":1,"y":1,"curve":"stepped"},{"time":0.6666,"x":1,"y":1,"curve":"stepped"},{"time":1,"x":1,"y":1}]},"bone19":{"rotate":[{"time":0,"angle":0},{"time":0.3333,"angle":17.43},{"time":0.6666,"angle":-38.51},{"time":1,"angle":0}],"translate":[{"time":0,"x":0,"y":0,"curve":"stepped"},{"time":0.3333,"x":0,"y":0,"curve":"stepped"},{"time":0.6666,"x":0,"y":0,"curve":"stepped"},{"time":1,"x":0,"y":0}],"scale":[{"time":0,"x":1,"y":1,"curve":"stepped"},{"time":0.3333,"x":1,"y":1,"curve":"stepped"},{"time":0.6666,"x":1,"y":1,"curve":"stepped"},{"time":1,"x":1,"y":1}]},"bone18":{"rotate":[{"time":0,"angle":0},{"time":0.3333,"angle":24.63},{"time":0.6666,"angle":-19.23},{"time":1,"angle":0}],"translate":[{"time":0,"x":0,"y":0,"curve":"stepped"},{"time":0.3333,"x":0,"y":0,"curve":"stepped"},{"time":0.6666,"x":0,"y":0,"curve":"stepped"},{"time":1,"x":0,"y":0}],"scale":[{"time":0,"x":1,"y":1,"curve":"stepped"},{"time":0.3333,"x":1,"y":1,"curve":"stepped"},{"time":0.6666,"x":1,"y":1,"curve":"stepped"},{"time":1,"x":1,"y":1}]},"bone17":{"rotate":[{"time":0,"angle":0},{"time":0.3333,"angle":39.99},{"time":0.6666,"angle":-16.69},{"time":1,"angle":0}],"translate":[{"time":0,"x":0,"y":0,"curve":"stepped"},{"time":0.3333,"x":0,"y":0,"curve":"stepped"},{"time":0.6666,"x":0,"y":0,"curve":"stepped"},{"time":1,"x":0,"y":0}],"scale":[{"time":0,"x":1,"y":1,"curve":"stepped"},{"time":0.3333,"x":1,"y":1,"curve":"stepped"},{"time":0.6666,"x":1,"y":1,"curve":"stepped"},{"time":1,"x":1,"y":1}]},"bone16":{"rotate":[{"time":0,"angle":0},{"time":0.3333,"angle":17.8},{"time":0.6666,"angle":-32.46},{"time":1,"angle":0}],"translate":[{"time":0,"x":0,"y":0,"curve":"stepped"},{"time":0.3333,"x":0,"y":0,"curve":"stepped"},{"time":0.6666,"x":0,"y":0,"curve":"stepped"},{"time":1,"x":0,"y":0}],"scale":[{"time":0,"x":1,"y":1,"curve":"stepped"},{"time":0.3333,"x":1,"y":1,"curve":"stepped"},{"time":0.6666,"x":1,"y":1,"curve":"stepped"},{"time":1,"x":1,"y":1}]},"bone15":{"rotate":[{"time":0,"angle":0},{"time":0.3333,"angle":12.56},{"time":0.6666,"angle":-22.2},{"time":1,"angle":0}],"translate":[{"time":0,"x":0,"y":0,"curve":"stepped"},{"time":0.3333,"x":0,"y":0,"curve":"stepped"},{"time":0.6666,"x":0,"y":0,"curve":"stepped"},{"time":1,"x":0,"y":0}],"scale":[{"time":0,"x":1,"y":1,"curve":"stepped"},{"time":0.3333,"x":1,"y":1,"curve":"stepped"},{"time":0.6666,"x":1,"y":1,"curve":"stepped"},{"time":1,"x":1,"y":1}]},"bone14":{"rotate":[{"time":0,"angle":0},{"time":0.3333,"angle":-5.93},{"time":0.6666,"angle":-11.63},{"time":1,"angle":0}],"translate":[{"time":0,"x":0,"y":0,"curve":"stepped"},{"time":0.3333,"x":0,"y":0,"curve":"stepped"},{"time":0.6666,"x":0,"y":0,"curve":"stepped"},{"time":1,"x":0,"y":0}],"scale":[{"time":0,"x":1,"y":1,"curve":"stepped"},{"time":0.3333,"x":1,"y":1,"curve":"stepped"},{"time":0.6666,"x":1,"y":1,"curve":"stepped"},{"time":1,"x":1,"y":1}]},"bone13":{"rotate":[{"time":0,"angle":0},{"time":0.3333,"angle":5.76},{"time":0.6666,"angle":-4.04},{"time":1,"angle":0}],"translate":[{"time":0,"x":0,"y":0,"curve":"stepped"},{"time":0.3333,"x":0,"y":0,"curve":"stepped"},{"time":0.6666,"x":0,"y":0,"curve":"stepped"},{"time":1,"x":0,"y":0}],"scale":[{"time":0,"x":1,"y":1,"curve":"stepped"},{"time":0.3333,"x":1,"y":1,"curve":"stepped"},{"time":0.6666,"x":1,"y":1,"curve":"stepped"},{"time":1,"x":1,"y":1}]},"bone12":{"rotate":[{"time":0,"angle":0},{"time":0.3333,"angle":9.53},{"time":0.6666,"angle":-1.93},{"time":1,"angle":0}],"translate":[{"time":0,"x":0,"y":0,"curve":"stepped"},{"time":0.3333,"x":0,"y":0,"curve":"stepped"},{"time":0.6666,"x":0,"y":0,"curve":"stepped"},{"time":1,"x":0,"y":0}],"scale":[{"time":0,"x":1,"y":1,"curve":"stepped"},{"time":0.3333,"x":1,"y":1,"curve":"stepped"},{"time":0.6666,"x":1,"y":1,"curve":"stepped"},{"time":1,"x":1,"y":1}]},"bone11":{"rotate":[{"time":0,"angle":0},{"time":0.3333,"angle":3.7},{"time":0.6666,"angle":-3.62},{"time":1,"angle":0}],"translate":[{"time":0,"x":0,"y":0,"curve":"stepped"},{"time":0.3333,"x":0,"y":0,"curve":"stepped"},{"time":0.6666,"x":0,"y":0,"curve":"stepped"},{"time":1,"x":0,"y":0}],"scale":[{"time":0,"x":1,"y":1,"curve":"stepped"},{"time":0.3333,"x":1,"y":1,"curve":"stepped"},{"time":0.6666,"x":1,"y":1,"curve":"stepped"},{"time":1,"x":1,"y":1}]},"bone26":{"rotate":[{"time":0,"angle":4.79},{"time":0.1333,"angle":0},{"time":0.6333,"angle":-4.37},{"time":1,"angle":4.79}],"translate":[{"time":0,"x":0,"y":0,"curve":"stepped"},{"time":0.1333,"x":0,"y":0,"curve":"stepped"},{"time":0.6333,"x":0,"y":0,"curve":"stepped"},{"time":1,"x":0,"y":0}],"scale":[{"time":0,"x":1,"y":1,"curve":"stepped"},{"time":0.1333,"x":1,"y":1,"curve":"stepped"},{"time":0.6333,"x":1,"y":1,"curve":"stepped"},{"time":1,"x":1,"y":1}]}},"ffd":{"default":{"bozishang":{"bozishang":[{"time":0,"offset":6,"vertices":[-0.54631,0.16979,0,0,0,0,0,0,0,0,0,0,0,0,0,0,0,0,0,0,0,0,0,0,0,0,0,0,0,0,0,0,0,0,0,0,0,0,0,0,0,0,0,0,1.66614,2.18981,0,0,0,0,0,0,1.66614,2.18981]},{"time":0.5,"offset":2,"vertices":[0.39909,-0.15237,-0.76017,-2.81369,-4.76631,-10.08128,-11.67932,-16.11244,-12.87498,-24.64079,-26.08101,-27.19285,-11.69793,-23.18663,-7.10708,-15.5899,-5.63208,-11.07275,-1.18116,-9.16714,1.39007,-5.60423,-3.23986,-4.04275,-8.67079,-12.96566,-16.84547,-21.14059,-6.57843,-14.39357,-4.02623,-7.4048,1.96569,-7.56994,-8.99745,-9.374,-15.71865,-15.71713,-25.49047,-21.09736,-23.43983,-15.56904,-19.69587,-9.45701,-9.13946,-7.0227,2.98738,0.39505,0,0,-5.6336,-6.26731,-16.11631,-9.15596,-7.77491,-4.34162,0,0,-4.96264,0.92071,0,0,-6.26344,-1.55409,-2.99334,-2.13903,0,0,4.42803,-0.42726,10.55395,1.42237,8.31709,-2.13948,0,0,0,0,0,0,0,0,0,0,-0.3366,0.85484]},{"time":1,"offset":6,"vertices":[-0.54631,0.16979,0,0,0,0,0,0,0,0,0,0,0,0,0,0,0,0,0,0,0,0,0,0,0,0,0,0,0,0,0,0,0,0,0,0,0,0,0,0,0,0,0,0,1.66614,2.18981,0,0,0,0,0,0,1.66614,2.18981]}]},"bozixia":{"bozixia":[{"time":0,"offset":8,"vertices":[1.10426,0.21304]},{"time":0.5,"vertices":[-8.58589,-11.87962,-8.58589,-11.87962,-8.58589,-11.87962,-8.58589,-11.87962,-7.48162,-11.66658,4.06758,-6.14323,4.89106,-6.73164,3.24205,-9.90687,2.0182,-10.40029,2.55815,-12.77673,9.22341,-8.27536,7.43252,-1.43287,1.38748,-1.90908,1.38748,-1.90908,-3.3168,-3.86715,-0.7987,-4.71955,-2.82904,-7.51142,3.98394,-9.40925,2.54252,-10.17247,1.26657,-8.66304,-3.54208,-3.96939,-0.52188,-0.37893,-2.72117,-6.75529,-4.03936,-8.25877,-0.48744,-12.24523,4.31379,-13.04454,1.77854,-9.20007,-4.56512,-7.17195,3.40151,-12.20761,15.45115,-4.94531,7.50912,-11.24177,-0.37512,-14.17028,-6.63336,-15.99578,-7.31326,-12.93998,-2.37908,-11.1842,-2.18479,-12.07969,-6.69622,-12.09716,-8.03213,-13.5662,-4.74479,-12.75979,-10.09953,-10.11999,-12.88264,-6.91882,-11.56013,-4.35638,-2.77673,-3.65936,0.20387,-5.00454]},{"time":1,"offset":8,"vertices":[1.10426,0.21304]}]},"chibangR2":{"chibangR2":[{"time":0}]},"tou":{"tou":[{"time":0.6666,"offset":24,"vertices":[0.01285,0.20153]},{"time":0.7333,"offset":24,"vertices":[0.01285,0.20153,0,0,0,0,0,0,-12.78933,-11.95648,-25.18135,-25.46112,-23.14934,-28.2377,-14.56987,-22.86676,-10.98754,-7.93289]},{"time":0.8,"offset":24,"vertices":[0.01285,0.20153]}]}}}}}}