{"version":"4.5","armature":[{"skin":[{"name":"","slot":[{"display":[{"type":"image","name":"剪头","transform":{"y":-1.6418,"skX":87.9546,"skY":87.9546,"x":17.9528}}],"name":"剪头"},{"display":[{"type":"image","name":"剪头","transform":{"skX":88.0585,"skY":88.0585}}],"name":"剪头2"},{"display":[{"type":"image","name":"剪头","transform":{"skX":87.7543,"skY":87.7543}}],"name":"剪头1"}]}],"animation":[{"bone":[{"frame":[{"tweenEasing":null,"transform":{},"duration":12}],"name":"root"},{"frame":[{"tweenEasing":null,"transform":{},"duration":12}],"name":"bone"},{"frame":[{"tweenEasing":null,"transform":{},"duration":12}],"name":"bone1"},{"frame":[{"tweenEasing":null,"transform":{},"duration":12}],"name":"bone2"}],"ffd":[],"frame":[],"slot":[{"name":"剪头","frame":[{"tweenEasing":0,"color":{"aM":0},"duration":4},{"tweenEasing":null,"color":{},"duration":8}]},{"name":"剪头1","frame":[{"tweenEasing":0,"color":{"aM":0},"duration":4},{"tweenEasing":0,"color":{"aM":0},"duration":4},{"tweenEasing":null,"color":{},"duration":4}]},{"name":"剪头2","frame":[{"tweenEasing":0,"color":{"aM":0},"duration":4},{"tweenEasing":0,"color":{"aM":0},"duration":4},{"tweenEasing":0,"color":{"aM":0},"duration":4},{"tweenEasing":null,"color":{},"duration":0}]}],"name":"newAnimation","playTimes":0,"duration":12}],"bone":[{"name":"root","transform":{}},{"length":56,"transform":{"y":-14.5858,"skX":-87.9546,"skY":-87.9546,"x":0.4807},"parent":"root","name":"bone"},{"length":51,"transform":{"y":-59.2337,"skX":-87.7543,"skY":-87.7543,"x":-0.4801},"parent":"root","name":"bone1"},{"length":59,"transform":{"y":-85.7261,"skX":-88.0585,"skY":-88.0585,"x":-0.0386},"parent":"root","name":"bone2"}],"type":"Armature","slot":[{"name":"剪头","parent":"bone"},{"z":1,"name":"剪头1","parent":"bone1"},{"z":2,"name":"剪头2","parent":"bone2"}],"aabb":{"x":-33.519315960482565,"y":-102.22609201646242,"width":66.48068403951743,"height":102.22609201646242},"frameRate":24,"defaultActions":[{"gotoAndPlay":"newAnimation"}],"name":"Armature","ik":[]}],"frameRate":24,"name":"NewProject6","isGlobal":0}