<images>
	<size width="640" height="500"></size>
	<img alltext="0" url="assets/newfeature/en_US/slide_01.swf">
		<span>
			<font color="#FFFFFF">Import PSD directly<br/>Without Photoshop, drag and drop the PSD file <br/>into DragonBones Pro to import it.</font>
		</span>
	</img>
	<img alltext="0" url="assets/newfeature/en_US/slide_02.swf">
		<span>
			<font color="#FFFFFF">IK Timeline<br/>With IK timeline, you can add keyframe for <br/>IK bend and weight. </font>
		</span>	
	</img>
	<img alltext="0" url="assets/newfeature/en_US/slide_03.swf">
		<span>
			<font color="#FFFFFF">Rulers and Guides</font>
		</span>		
	</img>
	<img alltext="0" url="assets/newfeature/en_US/slide_04.png">
		<span>
			<font color="#FFFFFF">New export UI with texture preview area</font>
		</span>		
	</img>
	<img alltext="0" url="assets/newfeature/en_US/slide_05.png">
		<span>
			<font color="#FFFFFF">"Export to"<br/>Set the export destination flexibly.</font>
		</span>	
	</img>
	<img alltext="0" url="assets/newfeature/en_US/slide_06.swf">
		<span>
			<font color="#FFFFFF">Export GIF with transparent background</font>
		</span>		
	</img>
	<img alltext="0" url="assets/newfeature/en_US/slide_07.swf">
		<span>
			<font color="#FFFFFF">Refine replace image workflow and UI</font>
		</span>		
	</img>
	<img alltext="0" url="assets/newfeature/en_US/slide_08.png">
		<span>
			<font color="#FFFFFF">Copy and Paste cross projects and armatures</font>
		</span>		
	</img>
	<img alltext="0" url="assets/newfeature/en_US/slide_09.png">
		<span>
			<font color="#FFFFFF">Paste Special<br/>Set the paste contents flexibly.</font>
		</span>		
	</img>
	<img alltext="0" url="assets/newfeature/en_US/slide_10.png">
		<span>
			<font color="#FFFFFF">Customize color of bone<br/>Each bone can be set to different color.</font>
		</span>		
	</img>
	<img alltext="0" url="assets/newfeature/en_US/slide_11.png">
		<span>
			<font color="#FFFFFF">Publish HTML, and embed it into WIX.com.</font>
		</span>		
	</img>
		<img alltext="1">
		<span>
			<font color="#FF9326">Add more hotkeys<br/></font>
			<font color="#FFFFFF">
			- Jump keyframe in timeline : Y and H <br/>
			- Transform toolbar, switch input box : Tab<br/>
			- Show/Hide Guides : Ctrl/Cmd + ;<br/>
			- Turn on/off guides moveable : Ctrl/Cmd + Alt + ;<br/>
			- Trun on/off timeline filter : Ctrl/Cmd +D<br/>
			- Rename : F2<br/>
			- Copy Transform : Ctrl/Cmd + Shift + C<br/>
			- Paste Transform : Ctrl/Cmd + Shift + V<br/>
			</font>
			<br/>
			<font color="#5AA8F1"><a href="http://blog.dragonbones.com/en/release/dragonbones-pro-5-6.html">More detail information</a></font>
		</span>		
	</img>
</images>